left_marker,right_marker,qtl_range,reference,chromosome,snp_position,neg_log10_p,trait
MC279,MC134,"1,771,529-5,309,582",Monforte et al. 2004,1,3331944,5.20216485341571,Fruit Length
MC216,CMBR067,"331,187-9,109,556",Lu et al. 2009,1,5405645,5.28828554279501,Fruit Length
NA,NA,"327,180-5,199,990",Gur et al. 2017,1,5426582,6.51239504404388,Fruit Length
None,None,None,None,1,5427997,5.53078199957937,Fruit Length
None,None,None,None,1,5449452,6.24186811655885,Fruit Length
None,None,None,None,1,6491224,5.65507746414616,Fruit Length
None,None,None,None,1,6732835,5.35345904663907,Fruit Length
None,None,None,None,1,9251138,5.20501032978184,Fruit Length
OPK4_831,CMCCA145,"12,507,565-19,894,653",Paris et al. 2008,1,13863212,5.13184949239686,Fruit Length
CMMS27_1,CMMS27_1,"19,178,355-21,178,355",Tomason et al. 2013,1,13874222,5.5212171324934,Fruit Length
NA,NA,"12,429,585-14,429,585",Gur et al. 2017,1,15056180,5.0792663761091,Fruit Length
None,None,None,None,1,15388843,5.596501995548,Fruit Length
None,None,None,None,1,15388844,5.596501995548,Fruit Length
None,None,None,None,1,15539352,5.0161527884993,Fruit Length
None,None,None,None,1,15601697,6.47866574322243,Fruit Length
None,None,None,None,1,16294209,5.34191225058568,Fruit Length
None,None,None,None,1,18443944,5.57381417475549,Fruit Length
None,None,None,None,1,19273449,5.03243798431576,Fruit Length
None,None,None,None,1,19274949,5.15779654101081,Fruit Length
None,None,None,None,1,19275748,5.14741632483317,Fruit Length
None,None,None,None,1,19284979,5.04874993185013,Fruit Length
None,None,None,None,1,19339854,5.06679626030046,Fruit Length
MC247,CSWCT11,"29,985,057-30,425,407",Monforte et al. 2004,1,29421117,5.56385326147339,Fruit Length
BC318_750,OPAP2_820,"29,985,057-30,909,967",Paris et al. 2008,1,31323155,5.01893833131945,Fruit Length
GCM168,CMCTN4,"32,525,254-35,683,778",Tomason et al. 2013,1,32349166,5.16501374657633,Fruit Length
OPAP2_800,OPAI9_250,"22,050,030-24,050,030",Paris et al. 2008,2,17122707,5.91890484343866,Fruit Length
CMGT108,None,"19,079,529-21,079,529",Tomason et al. 2013,2,19722887,5.15381139000257,Fruit Length
TJ24,DE1240,"15,385,338-23,600,071",Ramamurthy et al. 2015,2,19722936,5.31683584418782,Fruit Length
NA,NA,"12,541,331-16,232,747",Gur et al. 2017,2,19732250,5.26332468252844,Fruit Length
NA,NA,"22,941,969-25,011,812",Gur et al. 2017,2,19732821,5.37298253812158,Fruit Length
None,None,None,None,2,19733995,5.92248674850234,Fruit Length
None,None,None,None,2,19734021,5.33191241372318,Fruit Length
None,None,None,None,2,19752707,5.38787337833645,Fruit Length
None,None,None,None,2,19755625,5.78799894248771,Fruit Length
None,None,None,None,2,19760640,5.64748947217927,Fruit Length
None,None,None,None,2,21522417,5.1217482863537,Fruit Length
None,None,None,None,2,22101778,5.08550875308331,Fruit Length
None,None,None,None,2,24386816,6.35746623558874,Fruit Length
None,None,None,None,2,24386850,6.19841108538664,Fruit Length
None,None,None,None,2,24393994,5.68281449238456,Fruit Length
None,None,None,None,2,25795487,5.25307014562342,Fruit Length
CMCT170b,ECM208,"22,582,712-24,391,917",Lu et al. 2009,3,20547762,6.0719832965901,Fruit Length
TJ30,CMBR105,"18,486,082-23,276,740",Tomason et al. 2013,3,20548718,6.83603401704512,Fruit Length
NA,NA,"22,382,715-24,355,383",Gur et al. 2017,3,22585431,5.25898241467573,Fruit Length
None,None,None,None,3,23440777,5.18535958543336,Fruit Length
None,None,None,None,3,23441503,5.63902811627406,Fruit Length
None,None,None,None,3,23450795,5.70423503877023,Fruit Length
None,None,None,None,3,24294449,5.22981834949568,Fruit Length
CMN21_82,CMBR061,"2,663,145-9,435,393",Tomason et al. 2013,4,13347550,5.19360971555689,Fruit Length
TJ12a,CMTC168,"10,589,815-30,867,768",Eduardo et al. 2007,4,14657920,5.1579652075551,Fruit Length
OPZ18_1375,CMN21_77,"10,402,104-20,498,359",Lu et al. 2009,4,20195128,5.03287341892359,Fruit Length
CMPSNP255,CMPSNP482,"18,265,204-29,694,695",Díaz et al. 2017,4,20613854,6.63268135907031,Fruit Length
NA,NA,"26,042,441-32,285,691",Gur et al. 2017,4,20614593,5.37965570024551,Fruit Length
None,None,None,None,4,23595684,5.64791400249841,Fruit Length
None,None,None,None,4,25063775,6.06986635415888,Fruit Length
None,None,None,None,4,25787559,5.00195001057139,Fruit Length
None,None,None,None,4,29137331,5.7929853413171,Fruit Length
None,None,None,None,4,31643880,5.11239957672076,Fruit Length
60k41.243,CMPSNP735,"25,047,449-27,884,451",Perpiñá et al. 2016,5,26854056,5.16034600787279,Fruit Length
CMPSNP295,CMPSNP378,"30,045,189-35,382,631",Perpiñá et al. 2016,6,31030588,5.01567525463361,Fruit Length
NA,NA,"34,925,114-36,925,115",Gur et al. 2017,6,31539683,5.69808061196414,Fruit Length
None,None,None,None,6,31539694,6.49796911543262,Fruit Length
None,None,None,None,6,31539862,6.41892686513056,Fruit Length
None,None,None,None,6,32161995,5.94055018749204,Fruit Length
None,None,None,None,6,32408010,6.15781527850347,Fruit Length
CMAGN75,ECM182,"2,400,852-7,111,367",Harel-Beja et al. 2010,7,2527683,6.27801636073645,Fruit Length
CMMS30_3,CMMS30_3,"3,244,094-5,244,094",Tomason et al. 2013,7,2527712,6.39210554303508,Fruit Length
NA,NA,"1,012,304-4,677,362",Gur et al. 2017,7,2533056,5.99822303292256,Fruit Length
None,None,None,None,7,2825278,5.26852405322717,Fruit Length
None,None,None,None,7,2825290,5.14808764383097,Fruit Length
None,None,None,None,7,2825292,5.17482713221198,Fruit Length
None,None,None,None,7,4230838,5.6200783844958,Fruit Length
None,None,None,None,7,4853114,5.22626473751907,Fruit Length
None,None,None,None,7,5041039,5.36918580527179,Fruit Length
None,None,None,None,7,5320774,5.0264519157573,Fruit Length
None,None,None,None,7,5608476,5.13213199098568,Fruit Length
NA,NA,"10,008,880-12,008,880",Gur et al. 2017,7,11020348,5.0544674079268,Fruit Length
NA,NA,"15,942,285-17,942,285",Gur et al. 2017,7,17306640,6.01334469016793,Fruit Length
CMGAN21,CMGA15,"22,520,168-25,409,863",Eduardo et al. 2007,7,22590097,5.51641270303111,Fruit Length
CMBR027,CMTCN30,"20,506,922-22,903,935",Tomason et al. 2013,7,24374209,5.32459747645125,Fruit Length
Aox2,CMACC146,"6,670,970-8,994,256",Monforte et al. 2004,8,3377904,5.43626980070739,Fruit Length
ECM88,CMACC146,"1,149,022-8,994,256",Eduardo et al. 2007,8,3499714,5.26837900636295,Fruit Length
CMN_C05,MU3594-3,"0-2,803,003",Tomason et al. 2013,8,6966111,5.91378258430666,Fruit Length
DE1468,DM0103,"6,193,884-8,559,901",Ramamurthy et al. 2015,8,6970909,6.29469233528943,Fruit Length
CMBR22,CSWCT30,"5,525,699-8,663,879",Wang et al. 2016,8,7867027,5.36864756419596,Fruit Length
CMPSNP664,AI_21-D08,"3,173,574-5,350,542",Díaz et al. 2017,8,9351625,8.15744692278992,Fruit Length
NA,NA,"724,596-8,425,602",Gur et al. 2017,8,10259809,5.46220608214821,Fruit Length
None,None,None,None,8,10288597,5.52866427483884,Fruit Length
CMAT141,E42M31_11,"26,427,230-29,548,502",Perin et al. 2002,8,23090336,5.08733696250816,Fruit Length
CMAT141,CMTCN56,"26,427,230-31,855,757",Eduardo et al. 2007,8,23152364,5.92372374459578,Fruit Length
CMAT141,CMTTCN222,"26,427,230-29,404,651",Harel-Beja et al. 2010,8,23152367,5.61035556892052,Fruit Length
GCM241,PSI_25-H03,"19,491,265-29,533,018",Díaz et al. 2014,8,23152372,5.93259434156218,Fruit Length
DE1358,DE1107,"20,033,959-27,162,194",Ramamurthy et al. 2015,8,23293914,5.39858106592888,Fruit Length
NA,NA,"19,206,821-31,115,003",Gur et al. 2017,8,23459508,5.66154350639539,Fruit Length
None,None,None,None,8,23460028,5.41451671032517,Fruit Length
None,None,None,None,8,23462766,5.1033470399265,Fruit Length
None,None,None,None,8,23476034,5.35121078640555,Fruit Length
None,None,None,None,8,23581884,5.02160946501693,Fruit Length
None,None,None,None,8,23589526,5.40470223215656,Fruit Length
None,None,None,None,8,25641304,5.15187865055516,Fruit Length
None,None,None,None,8,27074735,6.72406702417829,Fruit Length
None,None,None,None,8,27089177,5.83109022087764,Fruit Length
None,None,None,None,8,27093620,5.14333755752774,Fruit Length
None,None,None,None,8,29042847,5.87526760227997,Fruit Length
NA,NA,"7,768,626-9,768,626",Gur et al. 2017,9,8111136,6.63957700567075,Fruit Length
None,None,None,None,9,8144321,6.02012852844371,Fruit Length
None,None,None,None,9,8154334,5.94267629463072,Fruit Length
None,None,None,None,9,8156018,6.43768333923756,Fruit Length
None,None,None,None,9,8157003,5.18448202108408,Fruit Length
None,None,None,None,9,8157233,5.94915641904308,Fruit Length
None,None,None,None,9,8157241,6.18156954774579,Fruit Length
None,None,None,None,9,8157853,6.14002755362965,Fruit Length
None,None,None,None,9,8159353,8.27990687984347,Fruit Length
None,None,None,None,9,8159462,6.23726143427165,Fruit Length
None,None,None,None,9,8159957,6.28694649129404,Fruit Length
None,None,None,None,9,8160297,6.49630462713,Fruit Length
None,None,None,None,9,8160482,6.70258969110261,Fruit Length
None,None,None,None,9,8167840,6.61810911937374,Fruit Length
None,None,None,None,9,8173013,8.7867745272266,Fruit Length
None,None,None,None,9,8173302,6.40833447807447,Fruit Length
None,None,None,None,9,8173947,6.58352592089978,Fruit Length
None,None,None,None,9,8173986,6.49928337644452,Fruit Length
None,None,None,None,9,8175230,6.51659815570082,Fruit Length
None,None,None,None,9,8177417,6.60462118017785,Fruit Length
None,None,None,None,9,8177494,7.42264609331583,Fruit Length
None,None,None,None,9,8177600,5.45594436424076,Fruit Length
None,None,None,None,9,8179133,6.92147068474565,Fruit Length
None,None,None,None,9,8179797,5.0126957980225,Fruit Length
None,None,None,None,9,8180405,6.84807882020009,Fruit Length
None,None,None,None,9,8180838,8.66784442860445,Fruit Length
None,None,None,None,9,8181320,6.52319734473448,Fruit Length
None,None,None,None,9,8181531,6.6132870611414,Fruit Length
None,None,None,None,9,8184588,6.12567476527795,Fruit Length
None,None,None,None,9,8184893,6.23654205612624,Fruit Length
None,None,None,None,9,8191319,8.19676145228871,Fruit Length
None,None,None,None,9,8192314,6.61778477695247,Fruit Length
None,None,None,None,9,8208338,5.41027374374576,Fruit Length
SSR13420,CMN04_19,"10,995,331-19,055,956",Ramamurthy et al. 2015,9,12135132,5.55983110779174,Fruit Length
None,None,None,None,9,13161296,5.00753043326367,Fruit Length
None,None,None,None,9,15014772,5.0289376390481,Fruit Length
None,None,None,None,9,15357485,5.50005186942435,Fruit Length
None,None,None,None,9,17896533,5.13910525544236,Fruit Length
None,None,None,None,9,17896564,5.17329042471787,Fruit Length
None,None,None,None,9,19910349,5.88904011887512,Fruit Length
DM0431,DM0431,"19,715,463-21,715,463",Tomason et al. 2013,9,20466287,6.22412024915637,Fruit Length
None,None,None,None,9,20466432,6.02834384616272,Fruit Length
None,None,None,None,9,22383529,5.32051759285727,Fruit Length
CMCTN19,CMTCN8,"1,970,506-9,992,013",Eduardo et al. 2007,10,5893383,6.46361834115861,Fruit Length
None,None,None,None,10,6241513,6.08403589592119,Fruit Length
None,None,None,None,10,6252839,5.76616658511557,Fruit Length
None,None,None,None,10,6273034,5.33732714729136,Fruit Length
None,None,None,None,10,6423934,5.09839457740869,Fruit Length
None,None,None,None,10,6424883,5.96457026181545,Fruit Length
None,None,None,None,10,6433441,5.26627323460052,Fruit Length
None,None,None,None,10,6435682,5.44034469240762,Fruit Length
None,None,None,None,10,6538038,5.05229676585918,Fruit Length
None,None,None,None,10,7138177,5.04406703632852,Fruit Length
None,None,None,None,10,8849533,5.06917317908051,Fruit Length
None,None,None,None,10,9230426,5.0336048071608,Fruit Length
CMTCN62,OPAO7_600,"595,902-2,353,836",Paris et al. 2008,11,1570720,5.11827306462358,Fruit Length
CMPSNP426,CMPSNP426,"759,756-2,759,756",Perpiñá et al. 2016,11,1628192,5.19825338078054,Fruit Length
NA,NA,"11,885,831-13,885,831",Gur et al. 2017,11,13313563,5.88415659588718,Fruit Length
None,None,None,None,11,13339530,6.28275401511177,Fruit Length
MC264,MC234,"19,490,894-27,767,014",Perin et al. 2002,11,19248516,5.84786460313812,Fruit Length
MC375,MC231,"17,252,200-26,532,407",Monforte et al. 2004,11,20016178,6.43559435382658,Fruit Length
NA,NA,"23,279,556-26,635,802",Gur et al. 2017,11,20016227,5.49705422159532,Fruit Length
None,None,None,None,11,20018680,6.09069542088564,Fruit Length
None,None,None,None,11,21281566,5.11697486057494,Fruit Length
None,None,None,None,11,22692066,6.5111814571662,Fruit Length
None,None,None,None,11,23187320,6.33735547731117,Fruit Length
None,None,None,None,11,23826803,5.17325806322414,Fruit Length
None,None,None,None,11,27099012,7.20804282227576,Fruit Length
None,None,None,None,11,27103877,6.83434027979051,Fruit Length
None,None,None,None,11,27105741,8.00425076324037,Fruit Length
None,None,None,None,11,27140710,5.13841182836491,Fruit Length
CMN61_44,CMN61_44,"6,023,621-8,023,621",Tomason et al. 2013,12,7875834,7.53856150424644,Fruit Length
NA,NA,"8,336,776-10,336,776",Gur et al. 2017,12,7894343,6.12663288988707,Fruit Length
None,None,None,None,12,7907272,7.14898027294773,Fruit Length
None,None,None,None,12,7909025,5.18863951351233,Fruit Length
None,None,None,None,12,7971536,7.70362004622861,Fruit Length
None,None,None,None,12,7990796,6.55110825584878,Fruit Length
None,None,None,None,12,8543770,5.47119895566353,Fruit Length
None,None,None,None,12,8547351,5.61074529315135,Fruit Length
None,None,None,None,12,8550793,5.96501078371231,Fruit Length
None,None,None,None,12,8553730,5.47694323047456,Fruit Length
None,None,None,None,12,8554152,5.37946836527952,Fruit Length
None,None,None,None,12,8557052,5.93843443811516,Fruit Length
None,None,None,None,12,8560286,5.67215084509479,Fruit Length
None,None,None,None,12,8560823,5.28690444964079,Fruit Length
None,None,None,None,12,8675432,6.54282990021538,Fruit Length
None,None,None,None,12,8731653,5.57379789715642,Fruit Length
None,None,None,None,12,8732317,6.00951018972886,Fruit Length
None,None,None,None,12,9256059,5.61305537562943,Fruit Length
None,None,None,None,12,9258960,5.03884953433988,Fruit Length
None,None,None,None,12,9261973,5.55986263323324,Fruit Length
None,None,None,None,12,9262223,6.64839692758087,Fruit Length
None,None,None,None,12,9264558,5.66450198158098,Fruit Length
None,None,None,None,12,9265195,5.58764026763187,Fruit Length
None,None,None,None,12,9265371,5.70138705224005,Fruit Length
None,None,None,None,12,9278915,5.94765240077534,Fruit Length
None,None,None,None,12,9283952,5.80551340945029,Fruit Length
None,None,None,None,12,9295942,5.50359624951861,Fruit Length
None,None,None,None,12,9296130,5.63914162269504,Fruit Length
None,None,None,None,12,9296596,5.14159515609471,Fruit Length
None,None,None,None,12,9302530,5.31968262034531,Fruit Length
None,None,None,None,12,9306170,5.52254591374667,Fruit Length
None,None,None,None,12,9306668,5.48263253022263,Fruit Length
None,None,None,None,12,9315746,5.57308228611918,Fruit Length
None,None,None,None,12,9316761,5.68547972093832,Fruit Length
None,None,None,None,12,9382329,5.80757194466879,Fruit Length
None,None,None,None,12,9382405,6.06358680028852,Fruit Length
None,None,None,None,12,9382760,5.01499140411006,Fruit Length
None,None,None,None,12,9383308,5.00591171525486,Fruit Length
None,None,None,None,12,9387528,5.20739121752952,Fruit Length
None,None,None,None,12,9390296,5.20743322705575,Fruit Length
None,None,None,None,12,9390340,5.49846149735002,Fruit Length
None,None,None,None,12,9392829,5.16415095578846,Fruit Length
None,None,None,None,12,10900334,5.36445593869546,Fruit Length
GCM206,MC320,"16,701,788-21,025,011",Perin et al. 2002,12,14794695,6.072203764961,Fruit Length
CSWGAT01,CSAT425A,"21,218,755-23,512,619",Eduardo et al. 2007,12,14795372,5.6978856230438,Fruit Length
ECM67,CMTCN14,"13,111,624-23,957,518",Díaz et al. 2014,12,14795607,5.76799551702817,Fruit Length
SSR14733,CMGAN80,"21,339,517-25,796,774",Ramamurthy et al. 2015,12,15377215,6.45045727211512,Fruit Length
NA,NA,"14,234,515-24,747,872",Gur et al. 2017,12,15387238,5.74268148690236,Fruit Length
None,None,None,None,12,15513085,5.12908717980924,Fruit Length
None,None,None,None,12,15513105,5.10559531483145,Fruit Length
None,None,None,None,12,15513142,5.11304139134285,Fruit Length
None,None,None,None,12,16197774,5.60702181345746,Fruit Length
None,None,None,None,12,16201037,5.22060555316634,Fruit Length
None,None,None,None,12,18138680,5.56179002551244,Fruit Length
None,None,None,None,12,18346829,5.15505088648268,Fruit Length
None,None,None,None,12,18759678,5.89065773036203,Fruit Length
None,None,None,None,12,20839072,7.6061090609972,Fruit Length
None,None,None,None,12,24496033,5.1726630417259,Fruit Length
None,None,None,None,12,24532404,8.62129329647105,Fruit Length
None,None,None,None,12,24532417,8.55945298088356,Fruit Length
None,None,None,None,12,25406488,5.3995607761742,Fruit Length
None,None,None,None,12,25706083,6.10890877353228,Fruit Length
MC279,MC134,"1,771,529-5,309,582",Monforte et al. 2004,1,793134,4.88402357054518,Fruit Diameter
MC216,CMBR067,"331,187-9,109,556",Lu et al. 2009,1,1004351,4.70263348624024,Fruit Diameter
CMAAGN221,CMAAGN221,"0-1,863,039",Tomason et al. 2013,1,4747354,4.52201102374911,Fruit Diameter
NA,NA,"327,180-5,199,990",Gur et al. 2017,1,4790678,5.0551374863346,Fruit Diameter
None,None,None,None,1,4797900,4.63456817750958,Fruit Diameter
None,None,None,None,1,4800546,4.55628339223047,Fruit Diameter
None,None,None,None,1,4800558,4.56690252303201,Fruit Diameter
None,None,None,None,1,4805015,4.95459877700416,Fruit Diameter
None,None,None,None,1,4838931,4.97715938912347,Fruit Diameter
None,None,None,None,1,4839414,4.74938485300937,Fruit Diameter
None,None,None,None,1,4843146,4.52308146334312,Fruit Diameter
None,None,None,None,1,4843936,4.73643493903914,Fruit Diameter
None,None,None,None,1,4844158,5.03107830882383,Fruit Diameter
None,None,None,None,1,4854013,4.53116546956725,Fruit Diameter
None,None,None,None,1,4854053,4.58196400770005,Fruit Diameter
None,None,None,None,1,4854351,4.59590212935951,Fruit Diameter
None,None,None,None,1,4856803,4.71780854372444,Fruit Diameter
None,None,None,None,1,4859563,5.07014189259378,Fruit Diameter
None,None,None,None,1,4869292,4.70055807919791,Fruit Diameter
None,None,None,None,1,5662943,5.19807517493978,Fruit Diameter
None,None,None,None,1,6214878,5.22832434644929,Fruit Diameter
None,None,None,None,1,6968285,4.82594019227497,Fruit Diameter
None,None,None,None,1,7290326,4.64157018706996,Fruit Diameter
None,None,None,None,1,7290338,4.74782684422847,Fruit Diameter
OPK4_831,CMCCA145,"12,507,565-19,894,653",Paris et al. 2008,1,12825503,4.66748074862627,Fruit Diameter
NA,NA,"12,429,585-14,429,585",Gur et al. 2017,1,12846664,5.05278691260936,Fruit Diameter
None,None,None,None,1,12846705,5.40955944345003,Fruit Diameter
None,None,None,None,1,14236188,4.86512195480487,Fruit Diameter
None,None,None,None,1,14237277,6.68529030704483,Fruit Diameter
None,None,None,None,1,14237279,5.88897284897383,Fruit Diameter
None,None,None,None,1,14245280,4.82188674768537,Fruit Diameter
None,None,None,None,1,14245920,6.71960376193986,Fruit Diameter
None,None,None,None,1,14245994,6.14006952284882,Fruit Diameter
None,None,None,None,1,14246456,6.94607684945143,Fruit Diameter
None,None,None,None,1,14246517,5.95975378494229,Fruit Diameter
None,None,None,None,1,14246598,5.17730898922395,Fruit Diameter
None,None,None,None,1,14247488,4.95699159012005,Fruit Diameter
None,None,None,None,1,14247496,4.96149905692333,Fruit Diameter
None,None,None,None,1,14247534,5.45883278241585,Fruit Diameter
None,None,None,None,1,14247994,4.80142538185272,Fruit Diameter
None,None,None,None,1,14248190,4.9661341326521,Fruit Diameter
None,None,None,None,1,14266032,4.52312491524149,Fruit Diameter
None,None,None,None,1,14266047,4.63225283104979,Fruit Diameter
None,None,None,None,1,14266226,4.81403310723216,Fruit Diameter
MC247,CSWCT11,"29,985,057-30,425,407",Monforte et al. 2004,1,31148466,6.96022907306842,Fruit Diameter
CMGA36,CmSUS1,"899,515-2,785,404",Perin et al. 2002,2,1883975,4.84817065986813,Fruit Diameter
CU160,OPAL9_750,"863,101-6,677,920",Paris et al. 2008,2,3857550,6.37592426885432,Fruit Diameter
CMPSNP431,ECM61,"827,502-3,308,185",Díaz et al. 2014,2,3874965,5.00100438076011,Fruit Diameter
FR10O18,FR10O18,"421,628-2,421,628",Perpiñá et al. 2016,2,5132343,4.89718910908308,Fruit Diameter
a,CMPSNP1057,"0-3,609,917",Díaz et al. 2017,2,5135101,4.78075612775468,Fruit Diameter
NA,NA,"865,561-2,865,561",Gur et al. 2017,2,5136339,4.5810858247053,Fruit Diameter
None,None,None,None,2,5142991,5.12997670810461,Fruit Diameter
None,None,None,None,2,5144765,4.85257103130134,Fruit Diameter
None,None,None,None,2,5145027,4.78420386741017,Fruit Diameter
None,None,None,None,2,5157946,4.9245990444861,Fruit Diameter
None,None,None,None,2,5159712,4.68720930785356,Fruit Diameter
None,None,None,None,2,6683935,4.92522011766807,Fruit Diameter
OPAP2_800,OPAI9_250,"22,050,030-24,050,030",Paris et al. 2008,2,15353398,5.06600683616876,Fruit Diameter
CMGT108,None,"19,079,529-21,079,529",Tomason et al. 2013,2,17083177,4.80548565811753,Fruit Diameter
TJ24,DE1240,"15,385,338-23,600,071",Ramamurthy et al. 2015,2,17083190,4.8134674354076,Fruit Diameter
NA,NA,"12,541,331-16,232,747",Gur et al. 2017,2,17130938,5.13035179209,Fruit Diameter
NA,NA,"22,941,969-25,011,812",Gur et al. 2017,2,17177667,4.59562818053472,Fruit Diameter
None,None,None,None,2,19120817,5.3840499483436,Fruit Diameter
None,None,None,None,2,19287181,5.09997716567138,Fruit Diameter
None,None,None,None,2,19684819,4.81528018484973,Fruit Diameter
None,None,None,None,2,20534229,4.85139734519391,Fruit Diameter
None,None,None,None,2,21158530,4.53331028412653,Fruit Diameter
None,None,None,None,2,21645295,4.85502126197997,Fruit Diameter
None,None,None,None,2,21737280,4.67588223734057,Fruit Diameter
None,None,None,None,2,21762375,4.74062117161704,Fruit Diameter
None,None,None,None,2,22656129,4.5601622391183,Fruit Diameter
None,None,None,None,2,24781672,4.7856330784034,Fruit Diameter
None,None,None,None,2,24781954,4.81573455693789,Fruit Diameter
None,None,None,None,2,24782710,4.52944251478273,Fruit Diameter
None,None,None,None,2,24783672,4.73499339433941,Fruit Diameter
None,None,None,None,2,24824004,4.68116480827234,Fruit Diameter
CMCT170b,ECM208,"22,582,712-24,391,917",Lu et al. 2009,3,18773712,4.73833277122582,Fruit Diameter
TJ30,CMBR105,"18,486,082-23,276,740",Tomason et al. 2013,3,20494203,5.28866527044174,Fruit Diameter
NA,NA,"22,382,715-24,355,383",Gur et al. 2017,3,21695643,4.82713447008301,Fruit Diameter
None,None,None,None,3,21927972,4.66262061630418,Fruit Diameter
None,None,None,None,3,21975887,5.08320927482725,Fruit Diameter
None,None,None,None,3,21975898,4.96054622103826,Fruit Diameter
None,None,None,None,3,24403923,4.81250748101957,Fruit Diameter
None,None,None,None,3,24403931,4.80487557701332,Fruit Diameter
None,None,None,None,3,24404502,4.85773570882998,Fruit Diameter
None,None,None,None,3,24404553,4.66342020132596,Fruit Diameter
None,None,None,None,3,24405058,5.09427425980838,Fruit Diameter
None,None,None,None,3,24469455,4.70535744639713,Fruit Diameter
TJ12a,CMTC168,"10,589,815-30,867,768",Eduardo et al. 2007,4,10317365,5.33294883856317,Fruit Diameter
OPZ18_1375,CMN21_77,"10,402,104-20,498,359",Lu et al. 2009,4,10317400,4.59573089109458,Fruit Diameter
CMPSNP255,CMPSNP482,"18,265,204-29,694,695",Díaz et al. 2017,4,12296649,5.38647529714635,Fruit Diameter
NA,NA,"26,042,441-32,285,691",Gur et al. 2017,4,12678287,5.0259352663929,Fruit Diameter
None,None,None,None,4,15765944,6.12875991758577,Fruit Diameter
None,None,None,None,4,21153900,4.60214685891139,Fruit Diameter
None,None,None,None,4,21853411,5.90326373953753,Fruit Diameter
None,None,None,None,4,21854306,4.80407268640278,Fruit Diameter
None,None,None,None,4,21862861,5.28677834909445,Fruit Diameter
None,None,None,None,4,21902449,4.83050190531503,Fruit Diameter
None,None,None,None,4,21913040,7.4231060536235,Fruit Diameter
None,None,None,None,4,21913073,4.80972434344304,Fruit Diameter
None,None,None,None,4,21913075,5.16624746628213,Fruit Diameter
None,None,None,None,4,21914592,5.72312477886845,Fruit Diameter
None,None,None,None,4,21916904,4.93304080213288,Fruit Diameter
None,None,None,None,4,21916919,4.78861244706314,Fruit Diameter
None,None,None,None,4,21917298,5.84336000158455,Fruit Diameter
None,None,None,None,4,21918487,5.17673449099803,Fruit Diameter
None,None,None,None,4,21918549,4.81932944704211,Fruit Diameter
None,None,None,None,4,21923425,4.58065566632616,Fruit Diameter
None,None,None,None,4,21929142,5.31044253626777,Fruit Diameter
None,None,None,None,4,21951963,6.53463202190496,Fruit Diameter
None,None,None,None,4,21951968,5.02683518674053,Fruit Diameter
None,None,None,None,4,21973855,5.73945162736302,Fruit Diameter
None,None,None,None,4,21974965,5.99272175266576,Fruit Diameter
None,None,None,None,4,21975638,4.9488860832224,Fruit Diameter
None,None,None,None,4,21977707,4.51880110344844,Fruit Diameter
None,None,None,None,4,21980259,5.0776898367856,Fruit Diameter
None,None,None,None,4,21980939,4.60560085797441,Fruit Diameter
None,None,None,None,4,21982587,4.77655598019038,Fruit Diameter
None,None,None,None,4,21982707,5.96421016687224,Fruit Diameter
None,None,None,None,4,21985838,4.7165856884988,Fruit Diameter
None,None,None,None,4,21985844,4.65056704818328,Fruit Diameter
None,None,None,None,4,21985851,4.57810006415683,Fruit Diameter
None,None,None,None,4,21986185,5.61218320870939,Fruit Diameter
None,None,None,None,4,22005602,4.84393568766013,Fruit Diameter
None,None,None,None,4,22006567,6.01500039515579,Fruit Diameter
None,None,None,None,4,22006654,6.40106730421707,Fruit Diameter
None,None,None,None,4,22008041,6.62552661093602,Fruit Diameter
None,None,None,None,4,22008043,7.30949382036395,Fruit Diameter
None,None,None,None,4,22019076,5.66727883571087,Fruit Diameter
None,None,None,None,4,22019140,5.37029485500419,Fruit Diameter
None,None,None,None,4,22026699,4.75822945735388,Fruit Diameter
None,None,None,None,4,22035059,4.50065664077263,Fruit Diameter
None,None,None,None,4,22038260,5.63329694313071,Fruit Diameter
None,None,None,None,4,22038729,4.67413556338465,Fruit Diameter
None,None,None,None,4,22040774,4.50056037079826,Fruit Diameter
None,None,None,None,4,22052855,4.51967679875865,Fruit Diameter
None,None,None,None,4,22053645,4.69829736904685,Fruit Diameter
None,None,None,None,4,22053994,4.56910295097274,Fruit Diameter
None,None,None,None,4,22059734,5.09142920302865,Fruit Diameter
None,None,None,None,4,22059796,5.0104967887531,Fruit Diameter
None,None,None,None,4,22059952,5.17349111981985,Fruit Diameter
None,None,None,None,4,22060080,5.3714476016192,Fruit Diameter
None,None,None,None,4,22060575,6.14779457701169,Fruit Diameter
None,None,None,None,4,22109979,4.62444611640107,Fruit Diameter
None,None,None,None,4,22120917,4.99779072701199,Fruit Diameter
None,None,None,None,4,22123131,4.57407469934753,Fruit Diameter
None,None,None,None,4,22123225,5.41858515208163,Fruit Diameter
None,None,None,None,4,22124009,5.05940383531638,Fruit Diameter
None,None,None,None,4,22124213,4.99110188522906,Fruit Diameter
None,None,None,None,4,22124932,4.54425700355151,Fruit Diameter
None,None,None,None,4,22125102,4.95105349623951,Fruit Diameter
None,None,None,None,4,22136365,4.66376047124508,Fruit Diameter
None,None,None,None,4,22140947,4.93423361237725,Fruit Diameter
None,None,None,None,4,22144529,4.65454784862418,Fruit Diameter
None,None,None,None,4,22145951,4.80448778932593,Fruit Diameter
None,None,None,None,4,22146013,4.72822807196437,Fruit Diameter
None,None,None,None,4,22148358,4.52445955544526,Fruit Diameter
None,None,None,None,4,22148453,4.56266173708021,Fruit Diameter
None,None,None,None,4,22186421,6.53144591191581,Fruit Diameter
None,None,None,None,4,22188499,4.80656927627315,Fruit Diameter
None,None,None,None,4,22188732,4.65541125742129,Fruit Diameter
None,None,None,None,4,22189303,5.42417734806264,Fruit Diameter
None,None,None,None,4,22189313,4.8039344068837,Fruit Diameter
None,None,None,None,4,22198320,4.8728627928085,Fruit Diameter
None,None,None,None,4,22206974,5.43552331522629,Fruit Diameter
None,None,None,None,4,22209132,4.52758000330193,Fruit Diameter
None,None,None,None,4,22229056,5.38629556793769,Fruit Diameter
None,None,None,None,4,22235937,4.81678711670575,Fruit Diameter
None,None,None,None,4,22236975,5.29994561437176,Fruit Diameter
None,None,None,None,4,22243457,5.40786767397988,Fruit Diameter
None,None,None,None,4,22244702,4.83773438570198,Fruit Diameter
None,None,None,None,4,22247616,4.79139742553747,Fruit Diameter
None,None,None,None,4,22252020,4.62129329647105,Fruit Diameter
None,None,None,None,4,22255748,5.42791874284367,Fruit Diameter
None,None,None,None,4,22278255,4.62799064754734,Fruit Diameter
None,None,None,None,4,22278733,4.61570036069162,Fruit Diameter
None,None,None,None,4,22279698,4.99679805347831,Fruit Diameter
None,None,None,None,4,22281010,6.02114413479232,Fruit Diameter
None,None,None,None,4,22281876,5.62534328696458,Fruit Diameter
None,None,None,None,4,22282842,5.42283001898588,Fruit Diameter
None,None,None,None,4,22287478,4.58382565254291,Fruit Diameter
None,None,None,None,4,22290553,4.54083376620885,Fruit Diameter
None,None,None,None,4,22291029,5.49295412757267,Fruit Diameter
None,None,None,None,4,22299297,4.5861304934909,Fruit Diameter
None,None,None,None,4,22317647,5.76414343124703,Fruit Diameter
None,None,None,None,4,22321601,4.5036239459876,Fruit Diameter
None,None,None,None,4,22321634,4.50458055741813,Fruit Diameter
None,None,None,None,4,22321649,4.55411569708309,Fruit Diameter
None,None,None,None,4,22322450,4.79550017582885,Fruit Diameter
None,None,None,None,4,22322510,4.60129630488692,Fruit Diameter
None,None,None,None,4,22326093,4.60966555248815,Fruit Diameter
None,None,None,None,4,22326999,4.58116859633869,Fruit Diameter
None,None,None,None,4,22327266,4.73525299164647,Fruit Diameter
None,None,None,None,4,22327284,4.67650039156825,Fruit Diameter
None,None,None,None,4,22328841,4.56388508025001,Fruit Diameter
None,None,None,None,4,22340608,4.50964816331552,Fruit Diameter
None,None,None,None,4,22344577,4.64429950721812,Fruit Diameter
None,None,None,None,4,22374924,4.72136070210926,Fruit Diameter
None,None,None,None,4,22374934,4.72200135579971,Fruit Diameter
None,None,None,None,4,22376921,4.61769472480669,Fruit Diameter
None,None,None,None,4,22377134,4.54334554535155,Fruit Diameter
None,None,None,None,4,22378299,5.22855216246628,Fruit Diameter
None,None,None,None,4,22381161,4.75572287919816,Fruit Diameter
None,None,None,None,4,22381269,4.57609908147158,Fruit Diameter
None,None,None,None,4,22382188,4.77208759824825,Fruit Diameter
None,None,None,None,4,22382192,4.99930568413365,Fruit Diameter
None,None,None,None,4,22393371,5.09775227477156,Fruit Diameter
None,None,None,None,4,22393468,5.01972385892216,Fruit Diameter
None,None,None,None,4,22397386,4.7065711458484,Fruit Diameter
None,None,None,None,4,22398260,4.74217748396552,Fruit Diameter
None,None,None,None,4,22400212,5.09544132663607,Fruit Diameter
None,None,None,None,4,22400213,4.92448953547559,Fruit Diameter
None,None,None,None,4,22400221,4.94565511123237,Fruit Diameter
None,None,None,None,4,22404376,4.58616398706913,Fruit Diameter
None,None,None,None,4,22405223,4.52403841080758,Fruit Diameter
None,None,None,None,4,22405341,5.02707548077167,Fruit Diameter
None,None,None,None,4,22411271,5.01358659453453,Fruit Diameter
None,None,None,None,4,22411318,4.94340002370722,Fruit Diameter
None,None,None,None,4,22935979,4.97856260353291,Fruit Diameter
None,None,None,None,4,23165926,4.62042256667219,Fruit Diameter
None,None,None,None,4,27557348,6.11987840125917,Fruit Diameter
None,None,None,None,4,27566428,6.59646769515057,Fruit Diameter
None,None,None,None,4,27569222,5.63447457754329,Fruit Diameter
None,None,None,None,4,27569889,4.71251179159871,Fruit Diameter
NA,NA,"1,001,030-4,917,588",Gur et al. 2017,6,1364136,4.81163407393685,Fruit Diameter
NA,NA,"8,508,088-9,477,694",Gur et al. 2017,6,1938538,4.6088883862972,Fruit Diameter
None,None,None,None,6,1962231,4.63783808650309,Fruit Diameter
None,None,None,None,6,1962567,4.78510319243978,Fruit Diameter
None,None,None,None,6,7540515,5.19290490092538,Fruit Diameter
None,None,None,None,6,8590863,4.68480662430429,Fruit Diameter
CMPSNP295,CMPSNP378,"30,045,189-35,382,631",Perpiñá et al. 2016,6,30453891,5.26129077310939,Fruit Diameter
NA,NA,"34,925,114-36,925,115",Gur et al. 2017,6,32991689,4.62278484373694,Fruit Diameter
None,None,None,None,6,33178526,4.67362316982619,Fruit Diameter
None,None,None,None,6,34674444,4.79019019421462,Fruit Diameter
CMAGN75,ECM182,"2,400,852-7,111,367",Harel-Beja et al. 2010,7,1707361,4.69064667708122,Fruit Diameter
CMMS30_3,CMMS30_3,"3,244,094-5,244,094",Tomason et al. 2013,7,3409026,5.98250755352272,Fruit Diameter
NA,NA,"1,012,304-4,677,362",Gur et al. 2017,7,4816291,5.7083647929121,Fruit Diameter
None,None,None,None,7,4816292,6.98167405459708,Fruit Diameter
NA,NA,"10,008,880-12,008,880",Gur et al. 2017,7,10258732,4.97806683352256,Fruit Diameter
None,None,None,None,7,12059466,5.02458197883599,Fruit Diameter
None,None,None,None,7,12698327,5.04564651837225,Fruit Diameter
NA,NA,"17,474,914-19,474,914",Gur et al. 2017,7,18492842,5.96923840904898,Fruit Diameter
None,None,None,None,7,18492860,4.78177969582445,Fruit Diameter
Aox2,CMACC146,"6,670,970-8,994,256",Monforte et al. 2004,8,6755125,4.52092880419607,Fruit Diameter
ECM88,CMACC146,"1,149,022-8,994,256",Eduardo et al. 2007,8,6756347,4.89119827587797,Fruit Diameter
DE1468,DM0103,"6,193,884-8,559,901",Ramamurthy et al. 2015,8,8682548,4.50029917410279,Fruit Diameter
CMAT141,E42M31_11,"26,427,230-29,548,502",Perin et al. 2002,8,25579827,5.49565149121308,Fruit Diameter
CMAT141,CMTCN56,"26,427,230-31,855,757",Eduardo et al. 2007,8,25579828,5.4789927475914,Fruit Diameter
OPR3_831,CMN21_95,"22,959,042-27,295,577",Zalapa et al. 2007,8,25579837,5.49460579971501,Fruit Diameter
CMAT141,CMTTCN222,"26,427,230-29,404,651",Harel-Beja et al. 2010,8,25580698,4.57058689270752,Fruit Diameter
GCM241,PSI_25-H03,"19,491,265-29,533,018",Díaz et al. 2014,8,25941099,6.11750961498551,Fruit Diameter
DE1358,DE1107,"20,033,959-27,162,194",Ramamurthy et al. 2015,8,25946859,6.05635711724787,Fruit Diameter
NA,NA,"19,206,821-31,115,003",Gur et al. 2017,8,30416505,4.57188141129153,Fruit Diameter
None,None,None,None,8,30886344,5.73816637942425,Fruit Diameter
None,None,None,None,8,30886415,6.30507906533322,Fruit Diameter
NA,NA,"7,768,626-9,768,626",Gur et al. 2017,9,9582991,4.87575669105335,Fruit Diameter
DM0431,DM0431,"19,715,463-21,715,463",Tomason et al. 2013,9,20890131,4.66830957443037,Fruit Diameter
None,None,None,None,9,20892318,4.77780395369828,Fruit Diameter
None,None,None,None,9,20972804,4.97146941348867,Fruit Diameter
CMCTN19,CMTCN8,"1,970,506-9,992,013",Eduardo et al. 2007,10,5787353,4.88535566109772,Fruit Diameter
CSWCT22A,CMCTT144dom,"2,225,440-6,969,727",Zalapa et al. 2007,10,5954620,4.59980751140742,Fruit Diameter
None,None,None,None,10,6834707,6.54183068636716,Fruit Diameter
None,None,None,None,10,7621753,4.85238550143797,Fruit Diameter
None,None,None,None,10,9154586,5.05278691260936,Fruit Diameter
None,None,None,None,10,11446032,4.59591925690006,Fruit Diameter
NA,NA,"11,885,831-13,885,831",Gur et al. 2017,11,12847719,4.64959690418449,Fruit Diameter
MC264,MC234,"19,490,894-27,767,014",Perin et al. 2002,11,18477916,4.56278867737542,Fruit Diameter
MC375,MC231,"17,252,200-26,532,407",Monforte et al. 2004,11,21319084,4.70014418529573,Fruit Diameter
NA,NA,"23,279,556-26,635,802",Gur et al. 2017,11,22813099,5.46875106444864,Fruit Diameter
None,None,None,None,11,22833948,4.63204803224202,Fruit Diameter
None,None,None,None,11,22833964,5.00397017158892,Fruit Diameter
None,None,None,None,11,23979689,4.83247590757979,Fruit Diameter
CMN61_44,CMN61_44,"6,023,621-8,023,621",Tomason et al. 2013,12,8503677,4.92103595549824,Fruit Diameter
NA,NA,"8,336,776-10,336,776",Gur et al. 2017,12,8644865,4.88502225521469,Fruit Diameter
GCM206,MC320,"16,701,788-21,025,011",Perin et al. 2002,12,13923969,4.80329888756661,Fruit Diameter
CSWGAT01,CSAT425A,"21,218,755-23,512,619",Eduardo et al. 2007,12,14268666,4.5819474217625,Fruit Diameter
ECM67,CMTCN14,"13,111,624-23,957,518",Díaz et al. 2014,12,14806555,4.82655148525569,Fruit Diameter
SSR14733,CMGAN80,"21,339,517-25,796,774",Ramamurthy et al. 2015,12,15006285,4.62329532805302,Fruit Diameter
NA,NA,"14,234,515-24,747,872",Gur et al. 2017,12,15029184,5.2390500485891,Fruit Diameter
None,None,None,None,12,15111592,5.88545573279414,Fruit Diameter
None,None,None,None,12,15143434,6.62386120791952,Fruit Diameter
None,None,None,None,12,15382051,5.64720025743669,Fruit Diameter
None,None,None,None,12,15513342,5.94271435558178,Fruit Diameter
None,None,None,None,12,24915867,4.58812787061676,Fruit Diameter
None,None,None,None,12,24927864,4.72514967998334,Fruit Diameter
