variant_id,effect_score,prediction,top_disruptions
contig7:1311982:A>G,1.0,不利,promoter_proximal|region_intron|region_CDS|codon_pos2|codon_pos3
contig7:2182087:G>A,1.0,不利,region_intron|region_CDS|promoter_proximal|region_3UTR|codon_pos2
contig7:2499465:T>C,1.0,不利,promoter_proximal|region_intron|region_CDS|region_3UTR|terminator
contig7:4558286:C>A,1.0,不利,region_intron|region_CDS|promoter_proximal|region_3UTR|terminator
contig7:4968676:A>G,1.0,不利,region_intron|promoter_proximal|region_CDS|region_3UTR|region_5UTR
contig7:5066599:T>C,1.0,不利,region_intron|promoter_proximal|region_3UTR|region_CDS|terminator
contig7:5117180:C>A,1.0,不利,promoter_proximal|promoter_core|region_CDS|region_5UTR|region_3UTR
contig7:7651168:T>A,1.0,不利,region_intron|promoter_proximal|region_CDS|terminator|region_3UTR
contig7:8493827:G>A,1.0,不利,region_intron|promoter_proximal|region_CDS|codon_pos2|region_5UTR
contig7:8959430:C>T,1.0,不利,region_intron|promoter_proximal|terminator|region_CDS|region_3UTR
contig7:10181871:C>T,1.0,不利,region_intron|promoter_proximal|region_CDS|terminator|region_3UTR
contig7:10317108:C>T,1.0,不利,promoter_proximal|region_intron|region_3UTR|region_CDS|terminator
contig7:11251559:C>A,1.0,不利,region_intron|promoter_proximal|region_CDS|region_3UTR|terminator
contig7:11253392:A>C,1.0,不利,promoter_proximal|region_intron|terminator|region_CDS|region_3UTR
contig7:12040570:G>C,1.0,不利,promoter_proximal|region_intron|region_CDS|terminator|region_3UTR
contig7:12120401:A>C,1.0,不利,region_CDS|region_intron|promoter_proximal|region_3UTR|terminator
contig7:12330682:G>A,1.0,不利,promoter_proximal|region_intron|region_CDS|region_3UTR|terminator
contig7:14229525:A>T,1.0,不利,region_intron|region_CDS|promoter_proximal|terminator|codon_pos3
contig7:14465424:A>T,1.0,不利,region_CDS|region_intron|promoter_proximal|terminator|region_3UTR
contig7:15363027:A>C,1.0,不利,region_intron|promoter_proximal|region_CDS|region_3UTR|codon_pos2
contig7:16207460:T>C,1.0,不利,promoter_proximal|region_CDS|region_intron|region_5UTR|promoter_core
contig7:16773178:A>G,1.0,不利,promoter_proximal|region_intron|region_3UTR|region_CDS|region_5UTR
contig7:18220300:C>T,1.0,不利,region_CDS|region_intron|promoter_proximal|region_3UTR|terminator
contig7:18548677:A>C,1.0,不利,region_intron|promoter_proximal|region_CDS|region_3UTR|terminator
contig7:19921515:T>C,1.0,不利,region_intron|promoter_proximal|region_CDS|terminator|region_3UTR
contig7:19931753:C>G,1.0,不利,region_intron|promoter_proximal|region_CDS|terminator|region_3UTR
contig7:20398940:A>T,1.0,不利,region_intron|region_3UTR|region_CDS|promoter_proximal|region_5UTR
contig7:22351404:A>C,1.0,不利,region_intron|promoter_proximal|region_CDS|terminator|region_3UTR
contig7:22351405:A>C,1.0,不利,promoter_proximal|region_intron|region_CDS|region_3UTR|terminator
contig7:22623671:T>A,1.0,不利,region_intron|region_CDS|promoter_proximal|region_3UTR|terminator
contig7:22848809:A>G,1.0,不利,promoter_proximal|region_intron|region_CDS|terminator|codon_pos2
contig7:22856158:G>A,1.0,不利,promoter_proximal|region_intron|region_CDS|terminator|region_3UTR
contig7:22856219:C>T,1.0,不利,region_intron|promoter_proximal|region_CDS|region_3UTR|codon_pos2
contig7:22862446:C>A,1.0,不利,region_3UTR|region_intron|promoter_proximal|region_CDS|terminator
contig7:22865917:A>G,1.0,不利,region_intron|promoter_proximal|region_CDS|region_3UTR|promoter_core
contig7:22865922:A>G,1.0,不利,region_intron|promoter_proximal|region_CDS|region_3UTR|region_5UTR
contig7:22865954:G>T,1.0,不利,region_CDS|promoter_proximal|region_intron|region_3UTR|terminator
contig7:22866002:C>G,1.0,不利,region_CDS|promoter_proximal|region_intron|region_3UTR|terminator
contig7:22868808:C>G,1.0,不利,promoter_proximal|region_intron|region_CDS|region_3UTR|terminator
contig7:22868957:A>C,1.0,不利,region_CDS|promoter_proximal|region_intron|region_3UTR|terminator
contig7:22873186:G>A,1.0,不利,region_intron|promoter_proximal|region_CDS|terminator|region_3UTR
contig7:22873230:G>T,1.0,不利,region_intron|promoter_proximal|region_CDS|codon_pos2|region_3UTR
contig7:22874144:G>C,1.0,不利,region_intron|promoter_proximal|region_CDS|region_3UTR|terminator
contig7:22874521:A>C,1.0,不利,promoter_proximal|region_intron|region_CDS|terminator|region_3UTR
contig7:22876753:A>G,1.0,不利,promoter_proximal|region_intron|region_CDS|codon_pos2|codon_pos3
contig7:22876755:G>T,1.0,不利,promoter_proximal|region_intron|region_CDS|terminator|region_3UTR
contig7:22876787:T>C,1.0,不利,promoter_proximal|region_intron|region_CDS|region_3UTR|codon_pos2
contig7:22881489:A>C,1.0,不利,region_intron|promoter_proximal|region_CDS|region_3UTR|terminator
contig7:22881496:G>T,1.0,不利,region_intron|promoter_proximal|region_CDS|terminator|region_3UTR
contig7:22881503:C>G,1.0,不利,region_CDS|promoter_proximal|region_intron|region_3UTR|terminator
contig7:22881659:T>G,1.0,不利,region_intron|promoter_proximal|region_CDS|terminator|region_3UTR
contig7:22881661:G>A,1.0,不利,region_intron|promoter_proximal|region_CDS|terminator|region_3UTR
contig7:22887122:T>G,1.0,不利,region_intron|region_CDS|promoter_proximal|terminator|region_3UTR
contig7:22887186:C>G,1.0,不利,promoter_proximal|region_CDS|region_intron|terminator|region_3UTR
contig7:22889417:A>C,1.0,不利,region_CDS|promoter_proximal|region_intron|region_5UTR|region_3UTR
contig7:22889444:G>A,1.0,不利,region_intron|promoter_proximal|region_CDS|region_5UTR|promoter_core
contig7:22889469:G>C,1.0,不利,promoter_proximal|region_5UTR|promoter_core|region_3UTR|region_intron
contig7:22889519:A>T,1.0,不利,promoter_proximal|region_CDS|region_intron|region_5UTR|promoter_core
contig7:22890586:A>C,1.0,不利,region_intron|promoter_proximal|region_CDS|region_3UTR|codon_pos2
contig7:22890599:G>C,1.0,不利,promoter_proximal|region_intron|region_CDS|promoter_core|terminator
contig7:22890606:T>A,1.0,不利,promoter_proximal|region_intron|region_CDS|region_3UTR|terminator
contig7:22890613:G>T,1.0,不利,promoter_proximal|region_intron|region_3UTR|region_CDS|terminator
contig7:22891907:A>T,1.0,不利,region_intron|promoter_proximal|region_3UTR|region_CDS|promoter_core
contig7:22891914:G>T,1.0,不利,region_intron|promoter_proximal|region_CDS|terminator|codon_pos2
contig7:22895717:C>A,1.0,不利,promoter_proximal|region_intron|region_CDS|terminator|region_3UTR
contig7:22900480:C>T,1.0,不利,region_CDS|region_intron|promoter_proximal|region_3UTR|terminator
contig7:22919553:A>T,1.0,不利,region_CDS|region_intron|promoter_proximal|codon_pos1|codon_pos2
contig7:22941824:A>G,1.0,不利,region_intron|promoter_proximal|region_CDS|region_5UTR|promoter_core
contig7:22948576:C>G,1.0,不利,region_CDS|promoter_proximal|region_intron|region_3UTR|terminator
contig7:22954612:G>T,1.0,不利,region_intron|region_CDS|terminator|promoter_proximal|region_3UTR
contig7:22954614:A>C,1.0,不利,promoter_proximal|region_CDS|region_intron|region_3UTR|terminator
contig7:22963462:T>G,1.0,不利,region_intron|promoter_proximal|region_CDS|region_3UTR|terminator
contig7:22983911:T>C,1.0,不利,region_intron|promoter_proximal|region_CDS|region_3UTR|terminator
contig7:22983950:T>A,1.0,不利,region_intron|region_CDS|promoter_proximal|region_3UTR|promoter_core
contig7:22983951:G>T,1.0,不利,region_CDS|promoter_proximal|region_intron|region_3UTR|terminator
contig7:25928619:C>T,1.0,不利,region_intron|promoter_proximal|region_3UTR|region_CDS|terminator
contig7:25928624:T>C,1.0,不利,region_intron|region_CDS|promoter_proximal|region_3UTR|terminator
contig7:28382470:A>G,1.0,不利,promoter_proximal|region_intron|region_CDS|terminator|region_3UTR
contig7:29472012:A>T,1.0,不利,promoter_proximal|region_intron|region_CDS|region_3UTR|terminator
contig7:29472027:G>A,1.0,不利,promoter_proximal|region_intron|region_CDS|terminator|region_3UTR
contig7:29472033:A>C,1.0,不利,promoter_proximal|region_intron|region_CDS|region_3UTR|terminator
contig7:29472041:A>G,1.0,不利,promoter_proximal|region_CDS|region_intron|region_3UTR|terminator
contig7:29472043:G>T,1.0,不利,promoter_proximal|region_intron|region_CDS|terminator|region_3UTR
contig7:29472044:A>T,1.0,不利,promoter_proximal|region_intron|region_CDS|terminator|region_3UTR
contig7:29472060:G>A,1.0,不利,promoter_proximal|region_CDS|region_intron|region_3UTR|terminator
contig7:29472680:A>G,1.0,不利,region_intron|promoter_proximal|region_CDS|region_3UTR|codon_pos2
contig7:29472682:T>A,1.0,不利,region_intron|promoter_proximal|region_CDS|region_3UTR|terminator
contig7:30863034:A>G,1.0,不利,region_CDS|region_5UTR|promoter_core|region_3UTR|promoter_proximal
contig7:31020839:A>G,1.0,不利,region_CDS|promoter_proximal|region_intron|region_3UTR|codon_pos3
contig7:31353095:G>C,1.0,不利,promoter_proximal|region_intron|region_CDS|region_3UTR|terminator
contig7:31591831:T>G,1.0,不利,promoter_proximal|region_CDS|region_intron|region_3UTR|codon_pos3
contig7:32355002:T>C,1.0,不利,promoter_proximal|region_intron|region_CDS|region_3UTR|terminator
contig7:32355038:A>T,1.0,不利,promoter_proximal|region_intron|region_3UTR|region_CDS|terminator
contig7:32375667:A>G,1.0,不利,region_intron|region_CDS|promoter_proximal|terminator|region_3UTR
contig7:32461159:T>C,1.0,不利,promoter_proximal|region_CDS|region_intron|terminator|region_3UTR
contig7:32506061:C>T,1.0,不利,promoter_proximal|region_intron|region_CDS|region_3UTR|region_5UTR
contig7:32742286:A>C,1.0,不利,region_intron|promoter_proximal|terminator|region_CDS|codon_pos1
contig7:32863269:C>T,1.0,不利,region_intron|promoter_proximal|region_CDS|region_3UTR|terminator
contig7:33286642:G>A,1.0,不利,promoter_proximal|region_intron|terminator|region_CDS|region_3UTR
contig7:33524234:T>G,1.0,不利,region_CDS|region_intron|promoter_proximal|codon_pos2|region_3UTR
